{
    "results": {
        "tool": {
            "name": "pytest",
            "version": "8.4.1"
        },
        "summary": {
            "tests": 2,
            "passed": 2,
            "failed": 0,
            "skipped": 0,
            "pending": 0,
            "other": 0,
            "start": 1782941412.1621299,
            "stop": 1782941412.1718554
        },
        "tests": [
            {
                "name": "test_outputs.py::test_report_exists",
                "status": "passed",
                "duration": 0.0002598329992906656,
                "start": 1782941412.1690164,
                "stop": 1782941412.1696298,
                "retries": 0,
                "file_path": "test_outputs.py"
            },
            {
                "name": "test_outputs.py::test_report_values",
                "status": "passed",
                "duration": 0.00021566799932770664,
                "start": 1782941412.1697447,
                "stop": 1782941412.17102,
                "retries": 0,
                "file_path": "test_outputs.py"
            }
        ]
    }
}